team_slug,maryland-baltimore-county,howard,texas,prairie-view,miami-oh,lehigh,southern-methodist,north-carolina-state,duke,arizona,siena,long-island-university,ohio-state,villanova,texas-christian,utah-state,st-johns-ny,wisconsin,northern-iowa,high-point,kansas,arkansas,california-baptist,louisville,hawaii,south-florida,brigham-young,michigan-state,gonzaga,north-dakota-state,kennesaw-state,ucla,miami-fl,central-florida,connecticut,missouri,purdue,furman,queens-nc,florida,michigan,clemson,georgia,iowa,saint-louis,vanderbilt,texas-tech,mcneese-state,akron,nebraska,alabama,troy,north-carolina,hofstra,virginia-commonwealth,tennessee,illinois,virginia,pennsylvania,wright-state,saint-marys-ca,texas-am,houston,idaho,kentucky,santa-clara,iowa-state,tennessee-state
maryland-baltimore-county,0.5,0.45364314317703247,0.0801500752568245,0.7546583116054535,0.33016258478164673,0.7237599939107895,0.14913521707057953,0.14818747341632843,0.02027205564081669,0.028722379356622696,0.5673049986362457,0.578454852104187,0.0544283427298069,0.06359818391501904,0.06980615481734276,0.07811405137181282,0.04598716460168362,0.04841025173664093,0.2523231729865074,0.17641199380159378,0.05328001454472542,0.05081028491258621,0.46520836651325226,0.03470842353999615,0.3805662542581558,0.2159617617726326,0.08269913867115974,0.04170277155935764,0.020555575378239155,0.3137654513120651,0.3185103088617325,0.040653107687830925,0.126257061958313,0.08628323674201965,0.02692943811416626,0.16093766689300537,0.03002151846885681,0.5207002460956573,0.49585969746112823,0.024081840179860592,0.02140149660408497,0.04573109932243824,0.07619773223996162,0.0866314172744751,0.17410526424646378,0.04128287732601166,0.04855572618544102,0.1283116266131401,0.24362308531999588,0.04357116110622883,0.04667988792061806,0.3630720376968384,0.04221357963979244,0.31656351685523987,0.09953688085079193,0.036619544960558414,0.025315212085843086,0.05250265821814537,0.45134343206882477,0.4183950424194336,0.02515307627618313,0.07028285600244999,0.019587828777730465,0.45502880215644836,0.055055173113942146,0.07296686805784702,0.02348349429666996,0.4423980414867401
howard,0.5463568568229675,0.5,0.07185638695955276,0.7792777270078659,0.3757656514644623,0.7341104447841644,0.14355918765068054,0.1976553201675415,0.026950721628963947,0.032095606438815594,0.5662049204111099,0.6182788163423538,0.07554840296506882,0.08227505534887314,0.08086056634783745,0.07411914318799973,0.040731122717261314,0.04661896638572216,0.2747831344604492,0.18840064853429794,0.06868422217667103,0.056631673127412796,0.49711573123931885,0.03832022100687027,0.43951377272605896,0.2111031338572502,0.102080799639225,0.03998185880482197,0.03103103768080473,0.3467152714729309,0.381399542093277,0.08221732825040817,0.09717193990945816,0.11458951234817505,0.03548979479819536,0.14456220716238022,0.0436894204467535,0.5430465638637543,0.5440782159566879,0.034271808341145515,0.02851628977805376,0.05794666334986687,0.07651420310139656,0.07278440147638321,0.17110619693994522,0.04142488446086645,0.05994824320077896,0.14463134109973907,0.29068632423877716,0.0490763783454895,0.06320664845407009,0.42410801351070404,0.05552617087960243,0.3624574840068817,0.11366509646177292,0.04602302238345146,0.044554904103279114,0.040933605283498764,0.5114684402942657,0.4962543547153473,0.033499184995889664,0.07230309024453163,0.02949186321347952,0.5012238621711731,0.06047927401959896,0.07812831550836563,0.025819885544478893,0.4725548028945923
texas,0.9198499247431755,0.9281436130404472,0.5,0.9415955394506454,0.8708059936761856,0.9580908119678497,0.5015044212341309,0.5337728261947632,0.07242157310247421,0.20666752755641937,0.884054034948349,0.9440063126385212,0.4701046347618103,0.5134193003177643,0.4779566377401352,0.47790613770484924,0.4087921380996704,0.36753591895103455,0.6973790675401688,0.7663881555199623,0.4046474099159241,0.3661528676748276,0.8838279061019421,0.3407306671142578,0.8250342980027199,0.6738436967134476,0.3935279846191406,0.27446483075618744,0.2543231397867203,0.8034688085317612,0.7884325832128525,0.39881594479084015,0.46811366081237793,0.5584727078676224,0.33419473469257355,0.5558056384325027,0.23210062086582184,0.8846875168383121,0.9386832099407911,0.14052609354257584,0.13977744430303574,0.5112239271402359,0.4115753173828125,0.4880395233631134,0.6304880678653717,0.31865455210208893,0.4005301594734192,0.65047487616539,0.8097452968358994,0.4248466044664383,0.3022572100162506,0.7696814760565758,0.46857546269893646,0.7573535740375519,0.611160010099411,0.3230450749397278,0.21626384556293488,0.362531915307045,0.8799425736069679,0.9033629111945629,0.3626912981271744,0.48928694427013397,0.18971236795186996,0.8898157104849815,0.4613056480884552,0.417577862739563,0.3264666497707367,0.9256345257163048
prairie-view,0.2453416883945465,0.2207222729921341,0.05840446054935455,0.5,0.06954201683402061,0.46511219441890717,0.06595153734087944,0.03892374224960804,0.02048511803150177,0.014898873399943113,0.34234896302223206,0.33221811056137085,0.03252166137099266,0.036937340162694454,0.024058601818978786,0.0398112777620554,0.014401674270629883,0.03493727929890156,0.039728677831590176,0.033329276368021965,0.020168020389974117,0.021935347467660904,0.14626822620630264,0.026839520782232285,0.1712985262274742,0.061755336821079254,0.04785859398543835,0.0393076129257679,0.01797619368880987,0.06978122517466545,0.1147250197827816,0.028374921530485153,0.05400886945426464,0.029623341746628284,0.022023992612957954,0.06849021464586258,0.030369622632861137,0.15320441871881485,0.28996218740940094,0.021053028292953968,0.023425951600074768,0.026294558309018612,0.02966975886374712,0.03449998423457146,0.04872451536357403,0.01555943489074707,0.036219196394085884,0.035719556733965874,0.04518657363951206,0.03725773002952337,0.02325332071632147,0.11039865389466286,0.02523084543645382,0.07525086775422096,0.03744444064795971,0.03457171656191349,0.02440106775611639,0.018862578086555004,0.2406434565782547,0.16815517097711563,0.027201088145375252,0.055794915184378624,0.02396610751748085,0.23394926637411118,0.026248490437865257,0.02836576383560896,0.023974827490746975,0.1973070427775383
miami-oh,0.6698374152183533,0.6242343485355377,0.1291940063238144,0.9304579831659794,0.5,0.8560978546738625,0.26205000281333923,0.23780658096075058,0.022292534820735455,0.03212786465883255,0.7420705705881119,0.7711652219295502,0.0901009552180767,0.2139682099223137,0.13341112434864044,0.2261396124958992,0.07579930126667023,0.06114431098103523,0.44454510509967804,0.35324566066265106,0.0775625966489315,0.07022259756922722,0.652834877371788,0.06532863527536392,0.5658582895994186,0.3365931361913681,0.09083738178014755,0.05171034671366215,0.06436501070857048,0.48098307847976685,0.5349004119634628,0.06920349225401878,0.2640959322452545,0.1576070711016655,0.07702445238828659,0.1512649729847908,0.045506494119763374,0.6444962620735168,0.7199384272098541,0.020494484342634678,0.026624816469848156,0.1538669317960739,0.11617197841405869,0.12808214873075485,0.3003295511007309,0.08827607706189156,0.07247767597436905,0.3850584477186203,0.41084395349025726,0.09698056057095528,0.04753815568983555,0.5471435040235519,0.08757586032152176,0.47871850430965424,0.32852306962013245,0.052605777978897095,0.042388444766402245,0.15891819447278976,0.6541730910539627,0.6101748943328857,0.10653256252408028,0.09066768363118172,0.02728275116533041,0.6455780267715454,0.06081714481115341,0.19766973704099655,0.03892205283045769,0.6599858105182648
lehigh,0.2762400060892105,0.26588955521583557,0.04190918803215027,0.5348878055810928,0.14390214532613754,0.5,0.05251714400947094,0.06057646498084068,0.016819776967167854,0.014793499372899532,0.35045383870601654,0.40311606228351593,0.018176911398768425,0.02992401458323002,0.02024876605719328,0.02971231658011675,0.018047595862299204,0.018104344606399536,0.08654879406094551,0.05901139974594116,0.015902687329798937,0.01934289187192917,0.23073764890432358,0.014604576863348484,0.19849345833063126,0.07775925472378731,0.024721567519009113,0.03167330473661423,0.014830457512289286,0.1127626970410347,0.218334399163723,0.015957425348460674,0.04659097082912922,0.036632273346185684,0.01397757139056921,0.056380387395620346,0.015538321807980537,0.3013952523469925,0.32438690960407257,0.013277589809149504,0.01627141796052456,0.030433276668190956,0.019058636855334044,0.025526365265250206,0.06464846432209015,0.013022784143686295,0.02317999955266714,0.05693962797522545,0.08028370514512062,0.02035969030112028,0.019891904667019844,0.15893225371837616,0.016363877803087234,0.11333024874329567,0.036162965930998325,0.017029913142323494,0.019371844828128815,0.030833538621664047,0.2727309912443161,0.2248152196407318,0.021268703043460846,0.03181649278849363,0.012308660428971052,0.25667427480220795,0.01648769900202751,0.029911182820796967,0.01597869023680687,0.2765665650367737
southern-methodist,0.8508647829294205,0.8564408123493195,0.49849557876586914,0.9340484626591206,0.7379499971866608,0.9474828559905291,0.5,0.49503718316555023,0.06040290370583534,0.16556522995233536,0.8489149361848831,0.8835169598460197,0.3785553574562073,0.4783327430486679,0.45692236721515656,0.3850747048854828,0.32783180475234985,0.33485640585422516,0.5763990581035614,0.6207378506660461,0.36565715074539185,0.34991036355495453,0.7835389524698257,0.3270827382802963,0.8109297081828117,0.47102537751197815,0.3766200542449951,0.219669908285141,0.2017003744840622,0.7583626285195351,0.7664996460080147,0.36136943101882935,0.379218727350235,0.5490585118532181,0.2518288344144821,0.5800235122442245,0.20325754582881927,0.8230192139744759,0.8741550743579865,0.10442420095205307,0.11281408742070198,0.44640207290649414,0.37450189888477325,0.4120633900165558,0.4622194617986679,0.3131554275751114,0.37853382527828217,0.5268751531839371,0.6983042806386948,0.3492409437894821,0.21432755887508392,0.6975555866956711,0.4402356743812561,0.6412722766399384,0.5334599763154984,0.2482249140739441,0.17833781242370605,0.2886858433485031,0.8319844678044319,0.8419754803180695,0.25170663744211197,0.43082621693611145,0.15216568857431412,0.8786294497549534,0.3596514165401459,0.40562255680561066,0.20366741716861725,0.8893795944750309
north-carolina-state,0.8518125265836716,0.8023446798324585,0.4662271738052368,0.961076257750392,0.7621934190392494,0.9394235350191593,0.5049628168344498,0.5,0.03903754986822605,0.1216353066265583,0.8434599414467812,0.8870650008320808,0.38093891739845276,0.5391692817211151,0.4575163424015045,0.41428419947624207,0.30576305091381073,0.29728642106056213,0.6324841380119324,0.6202078610658646,0.3861178606748581,0.26886406540870667,0.7956413701176643,0.34070560336112976,0.7350939884781837,0.5691020488739014,0.4065300077199936,0.21988055109977722,0.1372905969619751,0.7273813486099243,0.7483844384551048,0.36148253083229065,0.3991825729608536,0.5729132145643234,0.28185637295246124,0.5314310491085052,0.19648925215005875,0.8069144189357758,0.8684059008955956,0.08329356834292412,0.12043622881174088,0.48105351626873016,0.3439893126487732,0.45913806557655334,0.4448768049478531,0.2609546333551407,0.2613574415445328,0.4996071457862854,0.65596903860569,0.415230929851532,0.1735784113407135,0.7127748727798462,0.43310847878456116,0.7111305445432663,0.5359342992305756,0.20157653838396072,0.15761122107505798,0.34575940668582916,0.8378241136670113,0.7787999957799911,0.294025719165802,0.47472529113292694,0.10322324186563492,0.8305135667324066,0.34493133425712585,0.4207821190357208,0.17943105101585388,0.8478506654500961
duke,0.9797279443591833,0.973049278371036,0.9275784268975258,0.9795148819684982,0.9777074651792645,0.9831802230328321,0.9395970962941647,0.960962450131774,0.5,0.5999487936496735,0.9779712436720729,0.9726569391787052,0.8998217955231667,0.9343068525195122,0.9291617907583714,0.9142788350582123,0.8091078326106071,0.8429920002818108,0.965427253395319,0.9734782287850976,0.8656121715903282,0.8686966821551323,0.9769086679443717,0.8254508376121521,0.9636454787105322,0.9557061213999987,0.8665426820516586,0.7629969641566277,0.7339909374713898,0.9740681573748589,0.9787394339218736,0.8793250918388367,0.9427058845758438,0.965972913429141,0.7798114269971848,0.9386904686689377,0.7495547756552696,0.9838859904557467,0.9815176334232092,0.5842752158641815,0.6321099698543549,0.9180369153618813,0.9086545519530773,0.9117555879056454,0.9464781638234854,0.8200221210718155,0.7946812286973,0.9526194371283054,0.9731225399300456,0.8380091041326523,0.7967729941010475,0.9695828733965755,0.900427807122469,0.9723847610875964,0.9372964296489954,0.7537638321518898,0.6935994923114777,0.8962598145008087,0.9786251448094845,0.9819019800052047,0.7861561477184296,0.927480585873127,0.6687214374542236,0.9756472716107965,0.8828360289335251,0.9003557115793228,0.6869058012962341,0.9811778999865055
arizona,0.9712776206433773,0.9679043935611844,0.7933324724435806,0.9851011266000569,0.9678721353411674,0.9852065006271005,0.8344347700476646,0.8783646933734417,0.40005120635032654,0.5,0.978626056574285,0.9606669042259455,0.8038084357976913,0.8628122918307781,0.8403544723987579,0.7768254652619362,0.723296731710434,0.7476933002471924,0.9249379746615887,0.8997354842722416,0.8005169630050659,0.7447960451245308,0.9794864803552628,0.7183055132627487,0.970789784565568,0.9420999400317669,0.7352290749549866,0.6600305885076523,0.5487692803144455,0.9626957066357136,0.972352365963161,0.7489770352840424,0.8797016814351082,0.937765683978796,0.6298421621322632,0.879349946975708,0.5786127597093582,0.9784652553498745,0.9834136487916112,0.4626094847917557,0.5036396533250809,0.8164514601230621,0.8029665499925613,0.7409836202859879,0.8928720913827419,0.6717281937599182,0.7070603668689728,0.9220146797597408,0.9523924831300974,0.7209504246711731,0.7085264474153519,0.9645189046859741,0.7713446840643883,0.9441313818097115,0.8700483478605747,0.6474954932928085,0.5445944368839264,0.7200658023357391,0.974627579562366,0.9751868899911642,0.6969428062438965,0.8250682353973389,0.5308371782302856,0.9784747306257486,0.8087787106633186,0.7883649840950966,0.5981963127851486,0.9691406777128577
siena,0.4326950013637543,0.4337950795888901,0.115945965051651,0.6576510369777679,0.2579294294118881,0.6495461612939835,0.15108506381511688,0.15654005855321884,0.022028756327927113,0.02137394342571497,0.5,0.5092129558324814,0.03027179464697838,0.06631571426987648,0.05228007398545742,0.0622791089117527,0.020779011771082878,0.028648247942328453,0.213713139295578,0.1533457338809967,0.034341227263212204,0.033267552964389324,0.4031543433666229,0.022644820623099804,0.311145544052124,0.14182663708925247,0.07627736032009125,0.03380677290260792,0.01567242667078972,0.26060621440410614,0.31223757565021515,0.03807198163121939,0.08762170374393463,0.07198174297809601,0.018733391538262367,0.13454856723546982,0.024006012827157974,0.4392494708299637,0.4843120276927948,0.0331199336796999,0.020212722942233086,0.05365580879151821,0.08699731528759003,0.06686177849769592,0.09739010781049728,0.02572215534746647,0.02874821610748768,0.15451540797948837,0.2026461884379387,0.037130510434508324,0.029064267873764038,0.31832772493362427,0.03232021816074848,0.2217937335371971,0.08889763057231903,0.029273618012666702,0.02051056455820799,0.039493879303336143,0.47611886262893677,0.3792511373758316,0.027865946292877197,0.06352446414530277,0.026734737679362297,0.46456460654735565,0.03599928319454193,0.05570363998413086,0.023439554497599602,0.4127347767353058
long-island-university,0.421545147895813,0.3817211836576462,0.055993687361478806,0.6677818894386292,0.22883477807044983,0.5968839377164841,0.11648304015398026,0.11293499916791916,0.027343060821294785,0.03933309577405453,0.4907870441675186,0.5,0.046203138306736946,0.0485138613730669,0.053083451464772224,0.041211578994989395,0.025612532161176205,0.0452641136944294,0.1864192634820938,0.11882626637816429,0.03867874387651682,0.04751696530729532,0.37704893946647644,0.03543885610997677,0.3100631386041641,0.10504896566271782,0.06668256036937237,0.03645811043679714,0.02040285710245371,0.19810152798891068,0.23241142183542252,0.04498952440917492,0.07147085666656494,0.07522233948111534,0.03089372254908085,0.11698420345783234,0.04327959939837456,0.3635368198156357,0.4348437190055847,0.024406328797340393,0.03523705340921879,0.052713317796587944,0.03980640880763531,0.059500982984900475,0.10657497122883797,0.031038187444210052,0.05414898134768009,0.12483102828264236,0.17918967455625534,0.035508438013494015,0.03499689977616072,0.27929943799972534,0.04112463165074587,0.22994168102741241,0.08550452068448067,0.029186821542680264,0.03233923017978668,0.04236839525401592,0.44385404884815216,0.3369588702917099,0.030765103176236153,0.04960339516401291,0.022845842875540257,0.3997630774974823,0.046389924362301826,0.05511484853923321,0.025230742059648037,0.36005227267742157
ohio-state,0.9455716572701931,0.9244515970349312,0.5298953652381897,0.9674783386290073,0.9098990447819233,0.9818230886012316,0.6214446425437927,0.6190610826015472,0.10017820447683334,0.19619156420230865,0.9697282053530216,0.953796861693263,0.5,0.5612444579601288,0.4995627850294113,0.4650971442461014,0.3744286745786667,0.43626071512699127,0.7614854574203491,0.7884659096598625,0.42231737077236176,0.41691458225250244,0.9195325374603271,0.4070528745651245,0.9138835892081261,0.7396708726882935,0.4427296966314316,0.3510517179965973,0.30948351323604584,0.8317513912916183,0.8375333622097969,0.4288119822740555,0.5404868572950363,0.5969872623682022,0.34127935767173767,0.6173218041658401,0.3228897452354431,0.9496793895959854,0.9622974041849375,0.16586977988481522,0.16800665110349655,0.5507091134786606,0.46223919093608856,0.4915416091680527,0.6597780585289001,0.3850439190864563,0.4071611613035202,0.6662706434726715,0.8025156706571579,0.4013104736804962,0.3709515780210495,0.8817076832056046,0.4722261428833008,0.8504152819514275,0.6596695780754089,0.35193656384944916,0.25793322175741196,0.41862016916275024,0.9572174251079559,0.9196259193122387,0.3922872245311737,0.5547903329133987,0.26256243884563446,0.9342587813735008,0.41144073009490967,0.5242030620574951,0.2974420636892319,0.9472571760416031
villanova,0.936401816084981,0.9177249446511269,0.4865806996822357,0.9630626598373055,0.7860317900776863,0.97007598541677,0.5216672569513321,0.4608307182788849,0.06569314748048782,0.13718770816922188,0.9336842857301235,0.9514861386269331,0.4387555420398712,0.5,0.4698926955461502,0.4187436103820801,0.33624623715877533,0.3706030249595642,0.6190748959779739,0.6374680697917938,0.4038190543651581,0.3421984016895294,0.8050478026270866,0.34524157643318176,0.7572587803006172,0.6135089993476868,0.3704438656568527,0.27422572672367096,0.25196706503629684,0.7179771363735199,0.796840526163578,0.38599203526973724,0.4236438125371933,0.5922195762395859,0.30111125111579895,0.5441457182168961,0.2362949699163437,0.8401854708790779,0.9008372277021408,0.12802032381296158,0.14340612292289734,0.48385146260261536,0.4494432061910629,0.46071186661720276,0.4791036397218704,0.3291121572256088,0.3504669666290283,0.6063916087150574,0.7046802490949631,0.4097919911146164,0.24099625647068024,0.7837357148528099,0.41204582154750824,0.7579431235790253,0.5340408682823181,0.28901568055152893,0.20366885513067245,0.34038621187210083,0.8768354207277298,0.8585665002465248,0.32231950759887695,0.42503413558006287,0.16813286393880844,0.8852277211844921,0.35808227956295013,0.40688665211200714,0.20501090586185455,0.9147215373814106
texas-christian,0.9301938451826572,0.9191394336521626,0.5220433622598648,0.9759413981810212,0.8665888756513596,0.9797512339428067,0.5430776327848434,0.5424836575984955,0.07083820924162865,0.15964552760124207,0.9477199260145426,0.9469165485352278,0.5004372149705887,0.5301073044538498,0.5,0.47072020173072815,0.37098656594753265,0.37202705442905426,0.7077384740114212,0.7350381910800934,0.454605296254158,0.39151741564273834,0.8436160758137703,0.3963742107152939,0.8547611907124519,0.6840792596340179,0.44598376750946045,0.2982223927974701,0.27723273634910583,0.7985342144966125,0.8131040409207344,0.4613160192966461,0.4958503097295761,0.6360486745834351,0.33150750398635864,0.605990394949913,0.264442503452301,0.9211931005120277,0.9279855526983738,0.15298424661159515,0.18119950592517853,0.5026710331439972,0.5115275681018829,0.4718019366264343,0.6195865571498871,0.3608268052339554,0.420282319188118,0.672432154417038,0.7677864879369736,0.4119203984737396,0.3253015726804733,0.8199623003602028,0.46747784316539764,0.7618425488471985,0.615778312087059,0.30413034558296204,0.22643402963876724,0.35620950162410736,0.9342044293880463,0.8796524219214916,0.3694469779729843,0.49033379554748535,0.15631382167339325,0.9386416077613831,0.41369540989398956,0.5715106427669525,0.2786343842744827,0.9111005887389183
utah-state,0.9218859486281872,0.9258808568120003,0.5220938622951508,0.9601887222379446,0.7738603875041008,0.9702876834198833,0.6149252951145172,0.5857158005237579,0.08572116494178772,0.2231745347380638,0.9377208910882473,0.9587884210050106,0.5349028557538986,0.5812563896179199,0.5292797982692719,0.5,0.3938151150941849,0.38931427896022797,0.6753151714801788,0.6807223111391068,0.4587310701608658,0.3917775899171829,0.8560056015849113,0.3991041034460068,0.801490068435669,0.5913932025432587,0.45352451503276825,0.3325883150100708,0.3298526853322983,0.7412247210741043,0.803756944835186,0.5144429206848145,0.5617108643054962,0.6572887450456619,0.34607505798339844,0.6230756640434265,0.267611488699913,0.8786353245377541,0.9145760051906109,0.1668149009346962,0.1955539882183075,0.5574582517147064,0.5053470879793167,0.51784548163414,0.5876767188310623,0.37330183386802673,0.42737750709056854,0.6265194267034531,0.7439891397953033,0.4814644157886505,0.26628854870796204,0.7818266227841377,0.5084684193134308,0.7876270785927773,0.5719309896230698,0.3300403356552124,0.2200530618429184,0.4201388359069824,0.9179861098527908,0.8768230527639389,0.3990496098995209,0.4543335437774658,0.23070447891950607,0.9067857526242733,0.391088142991066,0.5054291933774948,0.2487560361623764,0.9238701350986958
st-johns-ny,0.9540128353983164,0.9592688772827387,0.5912078619003296,0.9855983257293701,0.9242006987333298,0.9819524041377008,0.6721681952476501,0.6942369490861893,0.19089216738939285,0.27670326828956604,0.9792209882289171,0.9743874678388238,0.6255713254213333,0.6637537628412247,0.6290134340524673,0.6061848849058151,0.5,0.4995633363723755,0.7778873145580292,0.8202614113688469,0.5544242113828659,0.5372648984193802,0.9384334422647953,0.5514793395996094,0.9247026853263378,0.7973620295524597,0.6031097024679184,0.35022392868995667,0.39065565168857574,0.8916024155914783,0.9171607047319412,0.5188776850700378,0.6249860972166061,0.7651427835226059,0.44033999741077423,0.7020580470561981,0.35254649817943573,0.9603204391896725,0.9721020050346851,0.2608582675457001,0.25632163882255554,0.6320608258247375,0.6135512292385101,0.6085867136716843,0.6973680555820465,0.515948623418808,0.5417850464582443,0.7495250403881073,0.8813064098358154,0.5424802154302597,0.45706088840961456,0.9062313660979271,0.6449127048254013,0.8885216042399406,0.6707608997821808,0.44728876650333405,0.34468525648117065,0.4633283019065857,0.9423908367753029,0.9526433665305376,0.4982232451438904,0.5972299724817276,0.29775065183639526,0.9646987933665514,0.5855245590209961,0.60167196393013,0.39332713186740875,0.952833216637373
wisconsin,0.9515897482633591,0.9533810336142778,0.6324640810489655,0.9650627207010984,0.9388556890189648,0.9818956553936005,0.6651435941457748,0.7027135789394379,0.15700799971818924,0.2523066997528076,0.9713517520576715,0.9547358863055706,0.5637392848730087,0.6293969750404358,0.6279729455709457,0.610685721039772,0.5004366636276245,0.5,0.8356532976031303,0.8364188075065613,0.49579453468322754,0.5290813744068146,0.940071003511548,0.47072046995162964,0.9177138954401016,0.8149724379181862,0.5747449994087219,0.4118266850709915,0.4263290613889694,0.9336867555975914,0.9060525000095367,0.5273134708404541,0.5822376608848572,0.7003204077482224,0.44346854090690613,0.6915937066078186,0.3937826156616211,0.9633182715624571,0.9708590982481837,0.25541191548109055,0.242274671792984,0.6158807277679443,0.5844593048095703,0.5848450213670731,0.7003223598003387,0.45904354751110077,0.4702765941619873,0.775534950196743,0.8741667196154594,0.5463513433933258,0.45227938890457153,0.8795878477394581,0.6005871742963791,0.9120499975979328,0.7198444306850433,0.4470793157815933,0.3338392525911331,0.4820345640182495,0.9544234182685614,0.9504754766821861,0.45021797716617584,0.594659298658371,0.4080749899148941,0.969303835183382,0.574057549238205,0.5910235792398453,0.4430035501718521,0.941520843654871
northern-iowa,0.7476768270134926,0.7252168655395508,0.30262093245983124,0.9602713221684098,0.555454894900322,0.9134512059390545,0.4236009418964386,0.3675158619880676,0.034572746604681015,0.07506202533841133,0.786286860704422,0.8135807365179062,0.23851454257965088,0.38092510402202606,0.2922615259885788,0.32468482851982117,0.22211268544197083,0.16434670239686966,0.5,0.4197489768266678,0.17009060084819794,0.18422455340623856,0.6659716665744781,0.2133653610944748,0.6928477883338928,0.39438262581825256,0.1994033381342888,0.1331818327307701,0.09977171942591667,0.4990597516298294,0.6967877745628357,0.20815817266702652,0.3043627589941025,0.36370350420475006,0.18483955413103104,0.3466968536376953,0.10874864086508751,0.746432401239872,0.7949693128466606,0.07179420813918114,0.07384134083986282,0.32011790573596954,0.2093183919787407,0.25273698568344116,0.36239658296108246,0.20803453028202057,0.12421655654907227,0.4264308363199234,0.46096065640449524,0.2266966551542282,0.0794445164501667,0.7047129571437836,0.2645801603794098,0.5185277909040451,0.452469140291214,0.1128433495759964,0.1233978345990181,0.2486669272184372,0.7379261255264282,0.6780663281679153,0.2351825013756752,0.18306893855333328,0.05598861165344715,0.7418830916285515,0.16317245364189148,0.3854169100522995,0.12579157575964928,0.7310175001621246
high-point,0.8235880061984062,0.8115993514657021,0.2336118444800377,0.966670723631978,0.6467543393373489,0.9409886002540588,0.37926214933395386,0.37979213893413544,0.0265217712149024,0.10026451572775841,0.8466542661190033,0.8811737336218357,0.21153409034013748,0.3625319302082062,0.2649618089199066,0.31927768886089325,0.1797385886311531,0.16358119249343872,0.5802510231733322,0.5,0.17779523134231567,0.16072023659944534,0.7654622122645378,0.1653982326388359,0.7511655911803246,0.4873242974281311,0.24428727477788925,0.13501666486263275,0.12410182505846024,0.6508936285972595,0.7362789139151573,0.1354508250951767,0.3881812244653702,0.3013738989830017,0.16531748324632645,0.2810080796480179,0.13100456446409225,0.7946862280368805,0.8225495591759682,0.055163225159049034,0.08163036033511162,0.3045123815536499,0.17600611597299576,0.2625258266925812,0.4567628800868988,0.18682333827018738,0.13252361118793488,0.5246509611606598,0.5680580139160156,0.22401830554008484,0.12578419595956802,0.7230536639690399,0.18447661399841309,0.6273542493581772,0.5048201680183411,0.11578625440597534,0.11378971487283707,0.2680014967918396,0.8161720931529999,0.7317327111959457,0.2425059676170349,0.19119536131620407,0.0646677017211914,0.8040642216801643,0.17333250492811203,0.31582748889923096,0.10429520905017853,0.7859613746404648
kansas,0.9467199854552746,0.931315777823329,0.5953525900840759,0.9798319796100259,0.9224374033510685,0.9840973126702011,0.6343428492546082,0.6138821393251419,0.13438782840967178,0.19948303699493408,0.9656587727367878,0.9613212561234832,0.5776826292276382,0.5961809456348419,0.545394703745842,0.5412689298391342,0.4455757886171341,0.5042054653167725,0.8299093991518021,0.8222047686576843,0.5,0.46415694057941437,0.9527968000620604,0.4424174726009369,0.9428490810096264,0.794059045612812,0.4673387408256531,0.35209818184375763,0.36686961352825165,0.8791123405098915,0.8958932720124722,0.49821892380714417,0.5823115855455399,0.6510986685752869,0.3846137672662735,0.6637223064899445,0.3323014825582504,0.944493843242526,0.9751188717782497,0.18876229226589203,0.22517471760511398,0.5934154540300369,0.5221719294786453,0.498058944940567,0.6856074631214142,0.40508729219436646,0.4488236606121063,0.7960983961820602,0.8202235996723175,0.5003278106451035,0.4564429819583893,0.909144502133131,0.5142419338226318,0.9047667980194092,0.7066113203763962,0.3523339182138443,0.28599195182323456,0.44730302691459656,0.9560603778809309,0.9431832320988178,0.5477503687143326,0.5113635957241058,0.25423477590084076,0.9607141464948654,0.43423596024513245,0.5872907042503357,0.3424634784460068,0.9350271392613649
arkansas,0.9491897150874138,0.9433683268725872,0.6338471323251724,0.9780646525323391,0.9297774024307728,0.9806571081280708,0.6500896364450455,0.7311359345912933,0.1313033178448677,0.2552039548754692,0.9667324470356107,0.9524830346927047,0.5830854177474976,0.6578015983104706,0.6084825843572617,0.6082224100828171,0.4627351015806198,0.4709186255931854,0.8157754465937614,0.8392797634005547,0.5358430594205856,0.5,0.9253504201769829,0.5031295418739319,0.9161418750882149,0.8172954246401787,0.612784668803215,0.3755638003349304,0.41868215799331665,0.8870541974902153,0.8694166243076324,0.5574947893619537,0.54282046854496,0.7335648685693741,0.4170604646205902,0.7129454612731934,0.3347051739692688,0.9496986642479897,0.977660970762372,0.24058414995670319,0.2611544206738472,0.6187341213226318,0.5604738891124725,0.6022660732269287,0.7525831833481789,0.45878273248672485,0.4496293067932129,0.696304053068161,0.8320838809013367,0.5177367627620697,0.4466696232557297,0.8637764863669872,0.5895143896341324,0.8255549967288971,0.7232752740383148,0.40875980257987976,0.3138265162706375,0.4832945466041565,0.9651942513883114,0.9338853601366282,0.4436917155981064,0.6214469969272614,0.3959377855062485,0.9591279104351997,0.5885590612888336,0.5899873971939087,0.39107586443424225,0.9343672227114439
california-baptist,0.5347916334867477,0.5028842687606812,0.11617209389805794,0.8537317737936974,0.347165122628212,0.7692623510956764,0.21646104753017426,0.20435862988233566,0.0230913320556283,0.020513519644737244,0.5968456566333771,0.6229510605335236,0.08046746253967285,0.19495219737291336,0.1563839241862297,0.14399439841508865,0.0615665577352047,0.05992899648845196,0.33402833342552185,0.2345377877354622,0.047203199937939644,0.07464957982301712,0.5,0.07585109397768974,0.40900981426239014,0.19902776181697845,0.1570291966199875,0.03225289471447468,0.029702809639275074,0.3413211852312088,0.45672817528247833,0.07586425170302391,0.18991214036941528,0.16970159113407135,0.049198539927601814,0.17198439687490463,0.07517097145318985,0.5330296903848648,0.5791823714971542,0.01870852755382657,0.03414030931890011,0.12036064267158508,0.11634223535656929,0.14023590087890625,0.22374389320611954,0.08320917189121246,0.062521792948246,0.2760799080133438,0.29217085242271423,0.09202782064676285,0.049296618439257145,0.39950890839099884,0.0866408534348011,0.35556069016456604,0.20263342559337616,0.03605133946985006,0.026886051520705223,0.10305047407746315,0.5304840356111526,0.44693030416965485,0.05733969993889332,0.07742585241794586,0.02459842897951603,0.5240756273269653,0.06408258713781834,0.16866039484739304,0.03193633910268545,0.49385902285575867
louisville,0.9652915764600039,0.9616797789931297,0.6592693328857422,0.9731604792177677,0.9346713647246361,0.9853954231366515,0.6729172617197037,0.6592943966388702,0.1745491623878479,0.2816944867372513,0.9773551793769002,0.9645611438900232,0.5929471254348755,0.6547584235668182,0.6036257892847061,0.6008958965539932,0.4485206604003906,0.5292795300483704,0.7866346389055252,0.8346017673611641,0.5575825273990631,0.4968704581260681,0.9241489060223103,0.5,0.924809392541647,0.791940413415432,0.5268713980913162,0.45377010107040405,0.3957008719444275,0.8494963869452477,0.917474165558815,0.5319191664457321,0.6503137350082397,0.7234211713075638,0.4680507481098175,0.7669315338134766,0.39770108461380005,0.941095232963562,0.9707779828459024,0.24022700637578964,0.30055560171604156,0.6435097604990005,0.5804859399795532,0.6082966476678848,0.6899079829454422,0.47082406282424927,0.48458079993724823,0.7389364540576935,0.8357664570212364,0.5335246175527573,0.3779783248901367,0.8938215486705303,0.6009935587644577,0.8552944734692574,0.6861516088247299,0.41542385518550873,0.3491818308830261,0.5333810299634933,0.9477350572124124,0.9435577783733606,0.45719562470912933,0.5843779742717743,0.3235696107149124,0.9627645676955581,0.5541419833898544,0.5623474419116974,0.4258670210838318,0.9636142160743475
hawaii,0.6194337457418442,0.560486227273941,0.17496570199728012,0.8287014737725258,0.43414171040058136,0.8015065416693687,0.18907029181718826,0.26490601152181625,0.03635452128946781,0.02921021543443203,0.688854455947876,0.6899368613958359,0.08611641079187393,0.24274121969938278,0.14523880928754807,0.19850993156433105,0.07529731467366219,0.08228610455989838,0.3071522116661072,0.24883440881967545,0.05715091899037361,0.08385812491178513,0.5909901857376099,0.07519060745835304,0.5,0.21179727464914322,0.11076076328754425,0.044002266600728035,0.047705765813589096,0.4005752205848694,0.4585893154144287,0.09883926436305046,0.2171625941991806,0.2330971285700798,0.045808348804712296,0.16267798840999603,0.04613299481570721,0.6094582378864288,0.6103290468454361,0.022058118134737015,0.028379124589264393,0.13276680558919907,0.11584701389074326,0.16926851123571396,0.26511627435684204,0.0919073335826397,0.0691599790006876,0.27368080615997314,0.3509815186262131,0.12427746132016182,0.040119340643286705,0.4695815294981003,0.1387842372059822,0.4312601089477539,0.1916898488998413,0.04213518649339676,0.032498789951205254,0.0953904427587986,0.5742459744215012,0.5149359703063965,0.05971207469701767,0.0788097232580185,0.027227038517594337,0.593889907002449,0.05031462758779526,0.15936560928821564,0.03823537938296795,0.5493424534797668
south-florida,0.7840382382273674,0.7888968661427498,0.32615630328655243,0.9382446631789207,0.6634068638086319,0.9222407452762127,0.5289746224880219,0.43089795112609863,0.044293878600001335,0.05790005996823311,0.8581733629107475,0.8949510343372822,0.26032912731170654,0.38649100065231323,0.31592074036598206,0.40860679745674133,0.20263797044754028,0.1850275620818138,0.6056173741817474,0.5126757025718689,0.20594095438718796,0.18270457535982132,0.8009722381830215,0.20805958658456802,0.7882027253508568,0.5,0.2547600567340851,0.1111004464328289,0.15624703466892242,0.6575794965028763,0.7808293476700783,0.2385665774345398,0.44569894671440125,0.4743180274963379,0.1599082127213478,0.36351630091667175,0.10155843943357468,0.8155006170272827,0.8628470748662949,0.07336631417274475,0.06915389001369476,0.3490256071090698,0.2781950682401657,0.2639593631029129,0.47377195954322815,0.22487175464630127,0.2011871561408043,0.5496023446321487,0.591399222612381,0.2963786870241165,0.12673285230994225,0.757344089448452,0.318852499127388,0.6138150990009308,0.5102883875370026,0.10034154728055,0.07481008023023605,0.34144367277622223,0.8234121650457382,0.7788221463561058,0.20820411294698715,0.21116012334823608,0.07676565647125244,0.811880961060524,0.19034624844789505,0.4402601718902588,0.10343632102012634,0.7891614586114883
brigham-young,0.9173008613288403,0.897919200360775,0.6064720153808594,0.9521414060145617,0.9091626182198524,0.9752784324809909,0.6233799457550049,0.5934699922800064,0.13345731794834137,0.2647709250450134,0.9237226396799088,0.9333174396306276,0.5572703033685684,0.6295561343431473,0.5540162324905396,0.5464754849672318,0.3968902975320816,0.4252550005912781,0.8005966618657112,0.7557127252221107,0.5326612591743469,0.387215331196785,0.8429708033800125,0.4731286019086838,0.8892392367124557,0.7452399432659149,0.5,0.3559718728065491,0.31276923418045044,0.8841099999845028,0.8940230794250965,0.5192317366600037,0.5915218889713287,0.6595230549573898,0.47688373923301697,0.6360812783241272,0.33772264420986176,0.9424472004175186,0.9557016026228666,0.23805127292871475,0.24830470979213715,0.5536314994096756,0.5012235045433044,0.5292036086320877,0.6819935739040375,0.4266160726547241,0.47104261815547943,0.6806422919034958,0.8334851711988449,0.5038852989673615,0.37063203752040863,0.8234440758824348,0.5415666103363037,0.7746003791689873,0.6933320313692093,0.34462492167949677,0.3225962221622467,0.40459540486335754,0.9184857904911041,0.9242331422865391,0.48277196288108826,0.5975612998008728,0.23067472875118256,0.9191140066832304,0.502307191491127,0.6170624643564224,0.2972520440816879,0.9004969522356987
michigan-state,0.9582972284406424,0.960018141195178,0.7255351692438126,0.9606923870742321,0.9482896532863379,0.9683266952633858,0.780330091714859,0.7801194489002228,0.23700303584337234,0.3399694114923477,0.9661932270973921,0.9635418895632029,0.6489482820034027,0.725774273276329,0.7017776072025299,0.6674116849899292,0.6497760713100433,0.5881733149290085,0.8668181672692299,0.8649833351373672,0.6479018181562424,0.6244361996650696,0.9677471052855253,0.546229898929596,0.955997733399272,0.8888995535671711,0.6440281271934509,0.5,0.5286917835474014,0.9324815198779106,0.9527889359742403,0.623416393995285,0.7756471112370491,0.7961102873086929,0.560259997844696,0.7952232658863068,0.4673234075307846,0.9649908393621445,0.9703293684870005,0.32806792855262756,0.3439556658267975,0.6963773369789124,0.6220254153013229,0.6652549654245377,0.8322902843356133,0.5527089685201645,0.5637577772140503,0.8593907430768013,0.9117695465683937,0.6355215907096863,0.5364456921815872,0.9340209662914276,0.6513076722621918,0.9043739512562752,0.7584853619337082,0.47027502954006195,0.44199083745479584,0.5592824518680573,0.9697956368327141,0.9676758069545031,0.5679343193769455,0.6890160888433456,0.4531971216201782,0.9655446587130427,0.6016411930322647,0.6875136643648148,0.5185373276472092,0.9634187892079353
gonzaga,0.9794444246217608,0.9689689623191953,0.7456768602132797,0.9820238063111901,0.9356349892914295,0.9851695424877107,0.7982996255159378,0.8627094030380249,0.26600906252861023,0.4512307196855545,0.9843275733292103,0.9795971428975463,0.6905164867639542,0.7480329349637032,0.7227672636508942,0.6701473146677017,0.6093443483114243,0.5736709386110306,0.9002282805740833,0.8758981749415398,0.6331303864717484,0.5813178420066833,0.9702971903607249,0.6042991280555725,0.9522942341864109,0.8437529653310776,0.6872307658195496,0.47130821645259857,0.5,0.9343604147434235,0.9612352345138788,0.6688168495893478,0.7788563892245293,0.8311621323227882,0.4858584702014923,0.8125477209687233,0.45657141506671906,0.9728059181943536,0.9711156627163291,0.37253613770008087,0.40967991948127747,0.7541709765791893,0.661587119102478,0.7053693532943726,0.8289429172873497,0.5855470448732376,0.6232408583164215,0.8093229830265045,0.9091556407511234,0.5994171351194382,0.3862468898296356,0.9458084348589182,0.6996788084506989,0.9202150665223598,0.7791522517800331,0.5331835448741913,0.4255353510379791,0.6675297319889069,0.9716361407190561,0.9642567289993167,0.652197390794754,0.6710832118988037,0.43630798161029816,0.9716820120811462,0.5433993488550186,0.7153941243886948,0.4524144232273102,0.9728973638266325
north-dakota-state,0.6862345486879349,0.6532847285270691,0.19653119146823883,0.9302187748253345,0.5190169215202332,0.8872373029589653,0.24163737148046494,0.2726186513900757,0.025931842625141144,0.03730429336428642,0.7393937855958939,0.8018984720110893,0.16824860870838165,0.2820228636264801,0.20146578550338745,0.2587752789258957,0.10839758440852165,0.0663132444024086,0.5009402483701706,0.3491063714027405,0.12088765949010849,0.1129458025097847,0.6586788147687912,0.15050361305475235,0.5994247794151306,0.3424205034971237,0.11589000001549721,0.06751848012208939,0.06563958525657654,0.5,0.612928494811058,0.13053113222122192,0.22634269297122955,0.23747438937425613,0.1257231906056404,0.2549675852060318,0.07013583555817604,0.6794799566268921,0.7351702749729156,0.034707214683294296,0.03861563093960285,0.20848651230335236,0.1578807681798935,0.2141527384519577,0.29823847115039825,0.11698685958981514,0.0838322639465332,0.3920719772577286,0.442414790391922,0.14949369430541992,0.0561064463108778,0.6036925464868546,0.1636422798037529,0.47907085716724396,0.34686484932899475,0.059079624712467194,0.04251553863286972,0.18234167993068695,0.6525501310825348,0.6262591779232025,0.1640198975801468,0.09323123097419739,0.03487714007496834,0.660756304860115,0.1007978580892086,0.24435359239578247,0.04409380815923214,0.6292187869548798
kennesaw-state,0.6814896911382675,0.618600457906723,0.21156741678714752,0.8852749802172184,0.46509958803653717,0.781665600836277,0.23350035399198532,0.25161556154489517,0.02126056607812643,0.02764763403683901,0.6877624243497849,0.7675885781645775,0.1624666377902031,0.20315947383642197,0.1868959590792656,0.196243055164814,0.08283929526805878,0.09394749999046326,0.3032122254371643,0.2637210860848427,0.10410672798752785,0.13058337569236755,0.5432718247175217,0.082525834441185,0.5414106845855713,0.21917065232992172,0.10597692057490349,0.0472110640257597,0.03876476548612118,0.38707150518894196,0.5,0.10441219806671143,0.19721683114767075,0.2968646436929703,0.07342853769659996,0.1987367570400238,0.03441124130040407,0.5917856246232986,0.6260742396116257,0.024400556460022926,0.038589103147387505,0.2008097544312477,0.1810768097639084,0.1459205076098442,0.21829168498516083,0.11328068375587463,0.06494592502713203,0.32380475103855133,0.3184998631477356,0.11694863811135292,0.04681260138750076,0.5134260654449463,0.18189584463834763,0.36582955718040466,0.2635611444711685,0.041001880541443825,0.034205056726932526,0.09310955926775932,0.6021783500909805,0.5668424665927887,0.07908964157104492,0.11690711975097656,0.028531024232506752,0.5527440309524536,0.07766826450824738,0.18299226462841034,0.037841252982616425,0.6607310324907303
ucla,0.9593468923121691,0.9177826717495918,0.6011840552091599,0.9716250784695148,0.9307965077459812,0.9840425746515393,0.6386305689811707,0.6385174691677094,0.12067490816116333,0.25102296471595764,0.9619280183687806,0.9550104755908251,0.5711880177259445,0.6140079647302628,0.5386839807033539,0.48555707931518555,0.48112231492996216,0.4726865291595459,0.7918418273329735,0.8645491749048233,0.5017810761928558,0.44250521063804626,0.9241357482969761,0.4680808335542679,0.9011607356369495,0.7614334225654602,0.48076826333999634,0.37658360600471497,0.33118315041065216,0.8694688677787781,0.8955878019332886,0.5,0.5845952033996582,0.6756731420755386,0.34455978870391846,0.6663921624422073,0.34140247106552124,0.9422108922153711,0.9744281442835927,0.22283753752708435,0.2333144173026085,0.619406446814537,0.5196053981781006,0.5749573409557343,0.6839047819375992,0.4356847405433655,0.4522175043821335,0.750833123922348,0.8817011564970016,0.4278445690870285,0.4113229066133499,0.837737113237381,0.5464198887348175,0.904316958039999,0.7081661075353622,0.42156895995140076,0.28294190764427185,0.41428782045841217,0.9337522350251675,0.9518027845770121,0.40453337132930756,0.5909437388181686,0.28669917583465576,0.9543321188539267,0.5057993084192276,0.5542784482240677,0.3150564581155777,0.9435785673558712
miami-fl,0.873742938041687,0.9028280600905418,0.5318863391876221,0.9459911305457354,0.7359040677547455,0.9534090291708708,0.620781272649765,0.6008174270391464,0.05729411542415619,0.12029831856489182,0.9123782962560654,0.9285291433334351,0.4595131427049637,0.5763561874628067,0.5041496902704239,0.4382891356945038,0.37501390278339386,0.4177623391151428,0.6956372410058975,0.6118187755346298,0.41768841445446014,0.45717953145504,0.8100878596305847,0.34968626499176025,0.7828374058008194,0.5543010532855988,0.40847811102867126,0.2243528887629509,0.22114361077547073,0.7736573070287704,0.8027831688523293,0.4154047966003418,0.5,0.6271748691797256,0.29378508031368256,0.7050155997276306,0.2343069463968277,0.8625339567661285,0.9129433408379555,0.12734785303473473,0.1369771659374237,0.5611808747053146,0.43570804595947266,0.4373916983604431,0.539445161819458,0.3846554607152939,0.3238833397626877,0.6458997130393982,0.6978753060102463,0.34307636320590973,0.24955451488494873,0.7965184077620506,0.4668890982866287,0.7483350485563278,0.5813121050596237,0.22766510397195816,0.15700677037239075,0.3870166391134262,0.8809548988938332,0.8296171426773071,0.33995839953422546,0.4930310845375061,0.130275197327137,0.8406851887702942,0.36466018855571747,0.5140262097120285,0.19427821785211563,0.8728932924568653
central-florida,0.9137167632579803,0.885410487651825,0.4415272921323776,0.9703766582533717,0.8423929288983345,0.9633677266538143,0.4509414881467819,0.4270867854356766,0.034027086570858955,0.062234316021203995,0.928018257021904,0.9247776605188847,0.4030127376317978,0.4077804237604141,0.36395132541656494,0.3427112549543381,0.2348572164773941,0.29967959225177765,0.6362964957952499,0.6986261010169983,0.34890133142471313,0.2664351314306259,0.8302984088659286,0.2765788286924362,0.7669028714299202,0.5256819725036621,0.34047694504261017,0.20388971269130707,0.16883786767721176,0.7625256106257439,0.7031353563070297,0.32432685792446136,0.37282513082027435,0.5,0.19943999499082565,0.4900624454021454,0.18061164766550064,0.82784154266119,0.90382169932127,0.05247247964143753,0.0819445364177227,0.39696285128593445,0.3426865041255951,0.33453406393527985,0.5371070057153702,0.21759898960590363,0.29326875507831573,0.6637661457061768,0.7437233403325081,0.2914678454399109,0.2018110156059265,0.7483139559626579,0.3931254744529724,0.807148203253746,0.5416602492332458,0.21811488270759583,0.12110712006688118,0.24201932549476624,0.8894010111689568,0.8411308526992798,0.22223319858312607,0.39503495395183563,0.05013375170528889,0.9167795069515705,0.2884768396615982,0.4441785365343094,0.1352701336145401,0.8785603865981102
connecticut,0.9730705618858337,0.9645102052018046,0.6658052653074265,0.977976007387042,0.9229755476117134,0.9860224286094308,0.7481711655855179,0.7181436270475388,0.22018857300281525,0.3701578378677368,0.9812666084617376,0.9691062774509192,0.6587206423282623,0.698888748884201,0.6684924960136414,0.6539249420166016,0.5596600025892258,0.5565314590930939,0.815160445868969,0.8346825167536736,0.6153862327337265,0.5829395353794098,0.9508014600723982,0.5319492518901825,0.9541916511952877,0.8400917872786522,0.523116260766983,0.43974000215530396,0.5141415297985077,0.8742768093943596,0.9265714623034,0.6554402112960815,0.7062149196863174,0.8005600050091743,0.5,0.8101241588592529,0.4807287007570267,0.9601115956902504,0.9734266418963671,0.3165213167667389,0.33729763329029083,0.6996650397777557,0.6343953460454941,0.6598125100135803,0.7211351245641708,0.5374174267053604,0.5555315464735031,0.7950228750705719,0.8360225260257721,0.6149022132158279,0.43758726119995117,0.9305595438927412,0.6541971415281296,0.9091491401195526,0.7275684326887131,0.4717690348625183,0.3952878713607788,0.5454099029302597,0.9674679413437843,0.9583224169909954,0.5653560757637024,0.6768103241920471,0.3968948423862457,0.9614827949553728,0.5999761074781418,0.6578680872917175,0.4147633761167526,0.9628926571458578
missouri,0.8390623331069946,0.8554377928376198,0.44419436156749725,0.9315097853541374,0.8487350270152092,0.9436196126043797,0.41997648775577545,0.46856895089149475,0.06130953133106232,0.12065005302429199,0.8654514327645302,0.8830157965421677,0.38267819583415985,0.45585428178310394,0.394009605050087,0.3769243359565735,0.2979419529438019,0.3084062933921814,0.6533031463623047,0.7189919203519821,0.33627769351005554,0.28705453872680664,0.8280156031250954,0.23306846618652344,0.837322011590004,0.6364836990833282,0.3639187216758728,0.20477673411369324,0.1874522790312767,0.7450324147939682,0.8012632429599762,0.33360783755779266,0.2949844002723694,0.5099375545978546,0.18987584114074707,0.5,0.2054784968495369,0.858860194683075,0.934791337698698,0.08822458609938622,0.12283123657107353,0.45990942418575287,0.3953554034233093,0.3987281918525696,0.5327825248241425,0.2314278557896614,0.252714641392231,0.6520775258541107,0.6849594265222549,0.3014233857393265,0.26584114134311676,0.7179069519042969,0.41198983788490295,0.6743830889463425,0.5760624259710312,0.20119183510541916,0.15640681982040405,0.21722450852394104,0.8624944388866425,0.863130733370781,0.2228602096438408,0.43601247668266296,0.1405789852142334,0.8460300266742706,0.35300514101982117,0.3627150356769562,0.15431907027959824,0.8551941588521004
purdue,0.9699784815311432,0.9563105795532465,0.7678993791341782,0.9696303773671389,0.9544935058802366,0.9844616781920195,0.7967424541711807,0.8035107478499413,0.2504452243447304,0.4213872402906418,0.975993987172842,0.9567204006016254,0.6771102547645569,0.7637050300836563,0.735557496547699,0.732388511300087,0.6474535018205643,0.6062173843383789,0.8912513591349125,0.8689954355359077,0.6676985174417496,0.6652948260307312,0.9248290285468102,0.6022989153862,0.9538670051842928,0.8984415605664253,0.6622773557901382,0.5326765924692154,0.543428584933281,0.929864164441824,0.9655887586995959,0.6585975289344788,0.7656930536031723,0.8193883523344994,0.5192712992429733,0.7945215031504631,0.5,0.9694657698273659,0.9760991325601935,0.36170442402362823,0.37137410044670105,0.717735543847084,0.7028670758008957,0.722455233335495,0.787646695971489,0.6111241728067398,0.6147929280996323,0.8023977130651474,0.906505536288023,0.6484344750642776,0.5791895687580109,0.93320282548666,0.6896033734083176,0.9025864228606224,0.7864610552787781,0.5643613934516907,0.4238826334476471,0.619429886341095,0.968009864911437,0.9668667446821928,0.5588109046220779,0.7346232682466507,0.4641607254743576,0.9728813087567687,0.6916691213846207,0.7288440465927124,0.5928753018379211,0.9682731814682484
furman,0.47929975390434265,0.4569534361362457,0.11531248316168785,0.8467955812811852,0.35550373792648315,0.6986047476530075,0.17698078602552414,0.19308558106422424,0.01611400954425335,0.021534744650125504,0.5607505291700363,0.6364631801843643,0.05032061040401459,0.1598145291209221,0.07880689948797226,0.12136467546224594,0.03967956081032753,0.036681728437542915,0.253567598760128,0.2053137719631195,0.055506156757473946,0.050301335752010345,0.4669703096151352,0.05890476703643799,0.39054176211357117,0.18449938297271729,0.057552799582481384,0.03500916063785553,0.02719408180564642,0.3205200433731079,0.40821437537670135,0.05778910778462887,0.13746604323387146,0.17215845733880997,0.0398884043097496,0.14113980531692505,0.030534230172634125,0.5,0.5058744847774506,0.020181896165013313,0.02848153654485941,0.1111607737839222,0.08377736806869507,0.1054723970592022,0.14935338497161865,0.062145672738552094,0.0447480920702219,0.2198016121983528,0.21359823644161224,0.07972556725144386,0.027715427801012993,0.3861245661973953,0.09260830655694008,0.25970929861068726,0.15369431674480438,0.028420813381671906,0.02617565728724003,0.06008731387555599,0.5211878418922424,0.39301636815071106,0.04286266304552555,0.0650351345539093,0.020351003855466843,0.4743034690618515,0.043552834540605545,0.12604641914367676,0.036418432369828224,0.4508883059024811
queens-nc,0.5041403025388718,0.4559217840433121,0.06131679005920887,0.7100378125905991,0.2800615727901459,0.6756130903959274,0.12584492564201355,0.13159409910440445,0.01848236657679081,0.016586351208388805,0.5156879723072052,0.5651562809944153,0.03770259581506252,0.09916277229785919,0.0720144473016262,0.08542399480938911,0.027897994965314865,0.029140901751816273,0.20503068715333939,0.17745044082403183,0.02488112822175026,0.022339029237627983,0.42081762850284576,0.029222017154097557,0.3896709531545639,0.13715292513370514,0.04429839737713337,0.029670631512999535,0.028884337283670902,0.26482972502708435,0.37392576038837433,0.0255718557164073,0.08705665916204453,0.09617830067873001,0.026573358103632927,0.06520866230130196,0.02390086743980646,0.49412551522254944,0.5,0.014564892742782831,0.014558217488229275,0.0683106854557991,0.04599013365805149,0.05108796805143356,0.13169477507472038,0.02289300598204136,0.025054071098566055,0.14568837732076645,0.22320112586021423,0.03464566171169281,0.0244680130854249,0.36718417704105377,0.033146439120173454,0.25787924230098724,0.12090057507157326,0.022544927895069122,0.022952426224946976,0.06707030721008778,0.4207910746335983,0.4098738729953766,0.03474796749651432,0.04033596720546484,0.016353344544768333,0.47269196808338165,0.027773157693445683,0.06903036125004292,0.020388998091220856,0.49678511917591095
florida,0.9759181598201394,0.9657281916588545,0.8594739064574242,0.978946971707046,0.9795055156573653,0.9867224101908505,0.8955757990479469,0.9167064316570759,0.4157247841358185,0.5373905152082443,0.9668800663203001,0.9755936712026596,0.8341302201151848,0.8719796761870384,0.8470157533884048,0.8331850990653038,0.7391417324542999,0.7445880845189095,0.9282057918608189,0.944836774840951,0.811237707734108,0.7594158500432968,0.9812914724461734,0.7597729936242104,0.977941881865263,0.9266336858272552,0.7619487270712852,0.6719320714473724,0.6274638622999191,0.9652927853167057,0.9755994435399771,0.7771624624729156,0.8726521469652653,0.9475275203585625,0.6834786832332611,0.9117754139006138,0.6382955759763718,0.9798181038349867,0.9854351072572172,0.5,0.5356342196464539,0.8523474559187889,0.8223211616277695,0.7785741984844208,0.9209159836173058,0.7292978689074516,0.7211932390928268,0.9507867209613323,0.958715807646513,0.7521104365587234,0.7199139297008514,0.980665784329176,0.812976211309433,0.9642937891185284,0.9014141634106636,0.6976165324449539,0.6248926520347595,0.796388752758503,0.9757632715627551,0.975899719633162,0.7572660520672798,0.8358990773558617,0.5960001051425934,0.9793168166652322,0.8252286538481712,0.8443262800574303,0.625478595495224,0.9721128465607762
michigan,0.978598503395915,0.9714837102219462,0.8602225556969643,0.9765740483999252,0.9733751835301518,0.9837285820394754,0.887185912579298,0.8795637711882591,0.36789003014564514,0.49636034667491913,0.9797872770577669,0.9647629465907812,0.8319933488965034,0.8565938770771027,0.8188004940748215,0.8044460117816925,0.7436783611774445,0.757725328207016,0.9261586591601372,0.9183696396648884,0.774825282394886,0.7388455793261528,0.9658596906810999,0.6994443982839584,0.9716208754107356,0.9308461099863052,0.7516952902078629,0.6560443341732025,0.5903200805187225,0.9613843690603971,0.9614108968526125,0.7666855826973915,0.8630228340625763,0.9180554635822773,0.6627023667097092,0.8771687634289265,0.628625899553299,0.9715184634551406,0.9854417825117707,0.46436578035354614,0.5,0.8493023589253426,0.8292661160230637,0.7916336134076118,0.8647985644638538,0.7080616056919098,0.7090444713830948,0.9166410453617573,0.9270475339144468,0.7439864873886108,0.6961039751768112,0.9590508863329887,0.8197320178151131,0.9716108106076717,0.8820925429463387,0.6779512017965317,0.5707908123731613,0.7054956257343292,0.9775124499574304,0.9684434784576297,0.6876042932271957,0.8307269662618637,0.5775651782751083,0.9841851489618421,0.7942727208137512,0.8083187267184258,0.6056644171476364,0.9697578325867653
clemson,0.9542689006775618,0.9420533366501331,0.4887760728597641,0.9737054416909814,0.8461330682039261,0.969566723331809,0.5535979270935059,0.5189464837312698,0.08196308463811874,0.18354853987693787,0.9463441912084818,0.9472866822034121,0.4492908865213394,0.5161485373973846,0.4973289668560028,0.4425417482852936,0.36793917417526245,0.38411927223205566,0.6798820942640305,0.6954876184463501,0.4065845459699631,0.38126587867736816,0.8796393573284149,0.35649023950099945,0.8672331944108009,0.6509743928909302,0.4463685005903244,0.30362266302108765,0.2458290234208107,0.7915134876966476,0.7991902455687523,0.38059355318546295,0.43881912529468536,0.6030371487140656,0.30033496022224426,0.5400905758142471,0.28226445615291595,0.8888392262160778,0.9316893145442009,0.1476525440812111,0.15069764107465744,0.5,0.47101545333862305,0.4546687602996826,0.5031726807355881,0.36623014509677887,0.32908138632774353,0.5801513493061066,0.7164788991212845,0.41625353693962097,0.32627028226852417,0.8040134459733963,0.4270062744617462,0.760021984577179,0.5862632095813751,0.33177365362644196,0.22355756908655167,0.34986206889152527,0.8756476417183876,0.8916814252734184,0.33254630863666534,0.5043191015720367,0.19221534579992294,0.9144939035177231,0.4135414659976959,0.4731797128915787,0.25223812460899353,0.9612478762865067
georgia,0.9238022677600384,0.9234857968986034,0.5884246826171875,0.9703302411362529,0.8838280215859413,0.980941363144666,0.6254981011152267,0.6560106873512268,0.09134544804692268,0.19703345000743866,0.91300268471241,0.9601935911923647,0.5377608090639114,0.5505567938089371,0.48847243189811707,0.4946529120206833,0.38644877076148987,0.4155406951904297,0.7906816080212593,0.8239938840270042,0.4778280705213547,0.43952611088752747,0.8836577646434307,0.4195140600204468,0.8841529861092567,0.7218049317598343,0.49877649545669556,0.37797458469867706,0.338412880897522,0.8421192318201065,0.8189231902360916,0.4803946018218994,0.5642919540405273,0.6573134958744049,0.3656046539545059,0.6046445965766907,0.2971329241991043,0.9162226319313049,0.9540098663419485,0.17767883837223053,0.17073388397693634,0.528984546661377,0.5,0.49643978476524353,0.7056281715631485,0.4047398716211319,0.41980016231536865,0.673427402973175,0.8329376354813576,0.4241364300251007,0.3819263130426407,0.8377719074487686,0.5417393743991852,0.8066296577453613,0.6583798676729202,0.32360540330410004,0.2608351409435272,0.419585183262825,0.9292727671563625,0.9496343117207289,0.4152371883392334,0.48378293216228485,0.24497289210557938,0.9345021471381187,0.49390362203121185,0.5835454612970352,0.3059360980987549,0.9229527376592159
iowa,0.9133685827255249,0.9272155985236168,0.5119604766368866,0.9655000157654285,0.8719178512692451,0.9744736347347498,0.5879366099834442,0.5408619344234467,0.08824441209435463,0.25901637971401215,0.9331382215023041,0.9404990170150995,0.5084583908319473,0.5392881333827972,0.5281980633735657,0.48215451836586,0.39141328632831573,0.41515497863292694,0.7472630143165588,0.7374741733074188,0.501941055059433,0.3977339267730713,0.8597640991210938,0.3917033523321152,0.830731488764286,0.7360406368970871,0.4707963913679123,0.33474503457546234,0.29463064670562744,0.7858472615480423,0.8540794923901558,0.42504265904426575,0.5626083016395569,0.6654659360647202,0.3401874899864197,0.6012718081474304,0.277544766664505,0.8945276029407978,0.9489120319485664,0.22142580151557922,0.20836638659238815,0.5453312397003174,0.5035602152347565,0.5,0.616908460855484,0.36556385457515717,0.40620942413806915,0.6737484186887741,0.7415014803409576,0.45367002487182617,0.3159283697605133,0.7837101444602013,0.48916149139404297,0.7387553006410599,0.6476355046033859,0.3059733957052231,0.24765145778656006,0.3791438937187195,0.9114719815552235,0.9117138311266899,0.4406394958496094,0.5524441003799438,0.19468966126441956,0.8752926513552666,0.4732167422771454,0.49264252185821533,0.25983236730098724,0.9128515273332596
saint-louis,0.8258947357535362,0.8288938030600548,0.3695119321346283,0.951275484636426,0.6996704488992691,0.9353515356779099,0.5377805382013321,0.5551231950521469,0.053521836176514626,0.10712790861725807,0.9026098921895027,0.893425028771162,0.34022194147109985,0.5208963602781296,0.3804134428501129,0.4123232811689377,0.3026319444179535,0.29967764019966125,0.6376034170389175,0.5432371199131012,0.3143925368785858,0.24741681665182114,0.7762561067938805,0.3100920170545578,0.734883725643158,0.5262280404567719,0.3180064260959625,0.16770971566438675,0.1710570827126503,0.7017615288496017,0.7817083150148392,0.3160952180624008,0.460554838180542,0.4628929942846298,0.27886487543582916,0.46721747517585754,0.21235330402851105,0.8506466150283813,0.8683052249252796,0.07908401638269424,0.13520143553614616,0.4968273192644119,0.2943718284368515,0.383091539144516,0.5,0.2990638464689255,0.28425133228302,0.5328996479511261,0.6138832867145538,0.3512955456972122,0.14410948753356934,0.7580030411481857,0.36411844193935394,0.6573855578899384,0.5447600036859512,0.18497466295957565,0.14852270483970642,0.35587430000305176,0.8250901624560356,0.7611621618270874,0.30350498855113983,0.36948300898075104,0.09537550061941147,0.8225815445184708,0.2283635213971138,0.47033265233039856,0.20890283584594727,0.7952458783984184
vanderbilt,0.9587171226739883,0.9585751155391335,0.6813454478979111,0.9844405651092529,0.9117239229381084,0.9869772158563137,0.6868445724248886,0.7390453666448593,0.1799778789281845,0.3282718062400818,0.9742778446525335,0.96896181255579,0.6149560809135437,0.6708878427743912,0.6391731947660446,0.6266981661319733,0.484051376581192,0.5409564524888992,0.7919654697179794,0.8131766617298126,0.5949127078056335,0.5412172675132751,0.9167908281087875,0.5291759371757507,0.9080926664173603,0.7751282453536987,0.5733839273452759,0.4472910314798355,0.4144529551267624,0.8830131404101849,0.8867193162441254,0.5643152594566345,0.6153445392847061,0.7824010103940964,0.4625825732946396,0.7685721442103386,0.3888758271932602,0.9378543272614479,0.9771069940179586,0.27070213109254837,0.2919383943080902,0.6337698549032211,0.5952601283788681,0.6344361454248428,0.7009361535310745,0.5,0.49846187233924866,0.7198304086923599,0.836333341896534,0.5364120006561279,0.41804154217243195,0.8940136209130287,0.6360463500022888,0.8915193565189838,0.7249739617109299,0.4430079460144043,0.3680688142776489,0.5311957597732544,0.9644465344026685,0.9424002077430487,0.5014669597148895,0.6288103312253952,0.3339826762676239,0.9647450018674135,0.6012422889471054,0.572875127196312,0.4571506530046463,0.949539378285408
texas-tech,0.951444273814559,0.940051756799221,0.5994698405265808,0.9637808036059141,0.927522324025631,0.9768200004473329,0.6214661747217178,0.7386425584554672,0.20531877130270004,0.2929396331310272,0.9712517838925123,0.9458510186523199,0.5928388386964798,0.6495330333709717,0.579717680811882,0.5726224929094315,0.4582149535417557,0.5297234058380127,0.8757834434509277,0.8674763888120651,0.5511763393878937,0.5503706932067871,0.937478207051754,0.5154192000627518,0.9308400209993124,0.7988128438591957,0.5289573818445206,0.4362422227859497,0.3767591416835785,0.9161677360534668,0.935054074972868,0.5477824956178665,0.6761166602373123,0.7067312449216843,0.4444684535264969,0.747285358607769,0.38520707190036774,0.9552519079297781,0.974945928901434,0.27880676090717316,0.2909555286169052,0.6709186136722565,0.5801998376846313,0.5937905758619308,0.71574866771698,0.5015381276607513,0.5,0.7455498725175858,0.8725741803646088,0.4866071045398712,0.5066971480846405,0.8981670551002026,0.6050639599561691,0.8579742982983589,0.7373363599181175,0.3880726099014282,0.31138452887535095,0.49891598522663116,0.9476283024996519,0.9353886973112822,0.4603884220123291,0.6441965401172638,0.39247865974903107,0.9463586658239365,0.5363769978284836,0.606679379940033,0.414476215839386,0.9396222159266472
mcneese-state,0.8716883733868599,0.8553686589002609,0.34952512383461,0.9642804432660341,0.6149415522813797,0.9430603720247746,0.4731248468160629,0.5003928542137146,0.047380562871694565,0.07798532024025917,0.8454845920205116,0.8751689717173576,0.3337293565273285,0.3936083912849426,0.32756784558296204,0.37348057329654694,0.2504749596118927,0.224465049803257,0.5735691636800766,0.4753490388393402,0.20390160381793976,0.303695946931839,0.7239200919866562,0.2610635459423065,0.7263191938400269,0.45039765536785126,0.3193577080965042,0.1406092569231987,0.19067701697349548,0.6079280227422714,0.6761952489614487,0.24916687607765198,0.3541002869606018,0.33623385429382324,0.2049771249294281,0.3479224741458893,0.1976022869348526,0.7801983878016472,0.8543116226792336,0.04921327903866768,0.08335895463824272,0.41984865069389343,0.32657259702682495,0.3262515813112259,0.4671003520488739,0.2801695913076401,0.25445012748241425,0.5,0.5941617786884308,0.30795735120773315,0.16297012567520142,0.6942623108625412,0.33958302438259125,0.6230938136577606,0.5006940960884094,0.13570097461342812,0.09124618396162987,0.22346030920743942,0.8271967843174934,0.7647563517093658,0.24654745310544968,0.1685446947813034,0.06891698762774467,0.7634763568639755,0.17959612607955933,0.4208081215620041,0.14716774970293045,0.7609001249074936
akron,0.7563769146800041,0.7093136757612228,0.19025470316410065,0.9548134263604879,0.5891560465097427,0.9197162948548794,0.30169571936130524,0.34403096139431,0.026877460069954395,0.04760751686990261,0.7973538115620613,0.8208103254437447,0.1974843293428421,0.2953197509050369,0.23221351206302643,0.25601086020469666,0.11869359016418457,0.12583328038454056,0.5390393435955048,0.4319419860839844,0.1797764003276825,0.16791611909866333,0.7078291475772858,0.16423354297876358,0.6490184813737869,0.408600777387619,0.1665148288011551,0.08823045343160629,0.09084435924887657,0.557585209608078,0.6815001368522644,0.11829884350299835,0.3021246939897537,0.2562766596674919,0.1639774739742279,0.31504057347774506,0.093494463711977,0.7864017635583878,0.7767988741397858,0.041284192353487015,0.07295246608555317,0.2835211008787155,0.16706236451864243,0.25849851965904236,0.38611671328544617,0.16366665810346603,0.12742581963539124,0.4058382213115692,0.5,0.2042461261153221,0.09785852581262589,0.6462910324335098,0.16029058396816254,0.5712288916110992,0.40825653076171875,0.0672200582921505,0.07537222281098366,0.2587059736251831,0.7148468196392059,0.6714503467082977,0.18068759888410568,0.12225060164928436,0.045402102172374725,0.7282219529151917,0.1438518688082695,0.29304344952106476,0.07559282332658768,0.6788681149482727
nebraska,0.9564288388937712,0.9509236216545105,0.5751533955335617,0.9627422699704766,0.9030194394290447,0.9796403096988797,0.6507590562105179,0.584769070148468,0.16199089586734772,0.2790495753288269,0.9628694895654917,0.964491561986506,0.5986895263195038,0.5902080088853836,0.5880796015262604,0.5185355842113495,0.4575197845697403,0.4536486566066742,0.7733033448457718,0.7759816944599152,0.49967218935489655,0.4822632372379303,0.9079721793532372,0.46647538244724274,0.8757225386798382,0.7036213129758835,0.49611470103263855,0.3644784092903137,0.40058286488056183,0.8505063056945801,0.8830513618886471,0.5721554309129715,0.6569236367940903,0.7085321545600891,0.38509778678417206,0.6985766142606735,0.35156552493572235,0.9202744327485561,0.9653543382883072,0.24788956344127655,0.25601351261138916,0.583746463060379,0.5758635699748993,0.5463299751281738,0.6487044543027878,0.46358799934387207,0.5133928954601288,0.6920426487922668,0.7957538738846779,0.5,0.3918936550617218,0.8727327659726143,0.5192685127258301,0.8261216804385185,0.6201586872339249,0.39976541697978973,0.32735396921634674,0.4573124945163727,0.9534595683217049,0.9270964432507753,0.4435935616493225,0.5536578595638275,0.29986336827278137,0.9426883272826672,0.48657235503196716,0.5840498208999634,0.29832102358341217,0.9538760278373957
alabama,0.9533201120793819,0.9367933515459299,0.6977427899837494,0.9767466792836785,0.9524618443101645,0.9801080953329802,0.7856724411249161,0.8264215886592865,0.20322700589895248,0.29147355258464813,0.970935732126236,0.9650031002238393,0.6290484219789505,0.7590037435293198,0.6746984273195267,0.733711451292038,0.5429391115903854,0.5477206110954285,0.9205554835498333,0.874215804040432,0.5435570180416107,0.5533303767442703,0.9507033815607429,0.6220216751098633,0.9598806593567133,0.8732671476900578,0.6293679624795914,0.4635543078184128,0.6137531101703644,0.9438935536891222,0.9531873986124992,0.5886770933866501,0.7504454851150513,0.7981889843940735,0.5624127388000488,0.7341588586568832,0.42081043124198914,0.972284572198987,0.9755319869145751,0.28008607029914856,0.3038960248231888,0.6737297177314758,0.6180736869573593,0.6840716302394867,0.8558905124664307,0.581958457827568,0.4933028519153595,0.8370298743247986,0.9021414741873741,0.6081063449382782,0.5,0.9277092218399048,0.6386966556310654,0.9051130078732967,0.8443819433450699,0.46688948571681976,0.35112448036670685,0.6448201537132263,0.9659811500459909,0.9335460066795349,0.5937057137489319,0.6686888337135315,0.4078260064125061,0.9586736354976892,0.596490666270256,0.7714721411466599,0.4309120625257492,0.9435968101024628
troy,0.6369279623031616,0.575891986489296,0.23031852394342422,0.8896013461053371,0.45285649597644806,0.8410677462816238,0.3024444133043289,0.2872251272201538,0.03041712660342455,0.03548109531402588,0.6816722750663757,0.7207005620002747,0.11829231679439545,0.2162642851471901,0.1800376996397972,0.21817337721586227,0.0937686339020729,0.12041215226054192,0.29528704285621643,0.2769463360309601,0.09085549786686897,0.13622351363301277,0.6004910916090012,0.10617845132946968,0.5304184705018997,0.242655910551548,0.17655592411756516,0.06597903370857239,0.05419156514108181,0.39630745351314545,0.4865739345550537,0.16226288676261902,0.20348159223794937,0.25168604403734207,0.0694404561072588,0.2820930480957031,0.06679717451334,0.6138754338026047,0.6328158229589462,0.01933421567082405,0.04094911366701126,0.1959865540266037,0.16222809255123138,0.21628985553979874,0.24199695885181427,0.10598637908697128,0.10183294489979744,0.3057376891374588,0.3537089675664902,0.1272672340273857,0.07229077816009521,0.5,0.1777002364397049,0.3893593102693558,0.25404609739780426,0.040295349434018135,0.032580411061644554,0.10240180790424347,0.5937135219573975,0.5820939093828201,0.0929531492292881,0.10798526182770729,0.02469623927026987,0.552173063158989,0.08878852054476738,0.20629997551441193,0.054032668471336365,0.610252633690834
north-carolina,0.9577864203602076,0.9444738291203976,0.5314245373010635,0.9747691545635462,0.9124241396784782,0.9836361221969128,0.5597643256187439,0.5668915212154388,0.09957219287753105,0.22865531593561172,0.9676797818392515,0.9588753683492541,0.5277738571166992,0.5879541784524918,0.5325221568346024,0.4915315806865692,0.3550872951745987,0.3994128257036209,0.7354198396205902,0.8155233860015869,0.48575806617736816,0.4104856103658676,0.9133591465651989,0.3990064412355423,0.8612157627940178,0.681147500872612,0.4584333896636963,0.3486923277378082,0.30032119154930115,0.8363577201962471,0.8181041553616524,0.4535801112651825,0.5331109017133713,0.6068745255470276,0.3458028584718704,0.588010162115097,0.31039662659168243,0.9073916934430599,0.9668535608798265,0.18702378869056702,0.18026798218488693,0.5729937255382538,0.4582606256008148,0.510838508605957,0.6358815580606461,0.3639536499977112,0.39493604004383087,0.6604169756174088,0.8397094160318375,0.4807314872741699,0.36130334436893463,0.8222997635602951,0.5,0.8982159569859505,0.6228964179754257,0.3667842149734497,0.23935505002737045,0.4238562732934952,0.936575885862112,0.9323539286851883,0.38932713866233826,0.5464799702167511,0.23175203055143356,0.954204186797142,0.44019316136837006,0.5134989768266678,0.2837981581687927,0.9510159399360418
hofstra,0.6834364831447601,0.6375425159931183,0.24264642596244812,0.924749132245779,0.5212814956903458,0.8866697512567043,0.35872772336006165,0.2888694554567337,0.027615238912403584,0.055868618190288544,0.7782062664628029,0.7700583189725876,0.14958471804857254,0.24205687642097473,0.2381574511528015,0.21237292140722275,0.11147839576005936,0.08795000240206718,0.4814722090959549,0.3726457506418228,0.09523320198059082,0.1744450032711029,0.644439309835434,0.14470552653074265,0.5687398910522461,0.3861849009990692,0.22539962083101273,0.09562604874372482,0.07978493347764015,0.520929142832756,0.6341704428195953,0.09568304196000099,0.2516649514436722,0.19285179674625397,0.09085085988044739,0.32561691105365753,0.0974135771393776,0.7402907013893127,0.7421207576990128,0.035706210881471634,0.028389189392328262,0.23997801542282104,0.19337034225463867,0.2612446993589401,0.34261444211006165,0.10848064348101616,0.14202570170164108,0.3769061863422394,0.42877110838890076,0.17387831956148148,0.09488699212670326,0.6106406897306442,0.10178404301404953,0.5,0.3043195754289627,0.06864906847476959,0.05013955570757389,0.1698807030916214,0.6715929508209229,0.6386526376008987,0.10256868600845337,0.10599930584430695,0.039317346177995205,0.6955167055130005,0.14421018958091736,0.3063855767250061,0.056699153035879135,0.6351660043001175
virginia-commonwealth,0.9004631191492081,0.8863349035382271,0.388839989900589,0.9625555593520403,0.6714769303798676,0.9638370340690017,0.46654002368450165,0.46406570076942444,0.0627035703510046,0.12995165213942528,0.911102369427681,0.9144954793155193,0.34033042192459106,0.4659591317176819,0.384221687912941,0.42806901037693024,0.3292391002178192,0.28015556931495667,0.547530859708786,0.49517983198165894,0.2933886796236038,0.2767247259616852,0.7973665744066238,0.3138483911752701,0.8083101511001587,0.48971161246299744,0.3066679686307907,0.2415146380662918,0.2208477482199669,0.6531351506710052,0.7364388555288315,0.29183389246463776,0.4186878949403763,0.45833975076675415,0.2724315673112869,0.4239375740289688,0.21353894472122192,0.8463056832551956,0.8790994249284267,0.0985858365893364,0.11790745705366135,0.4137367904186249,0.3416201323270798,0.3523644953966141,0.45523999631404877,0.27502603828907013,0.2626636400818825,0.4993059039115906,0.5917434692382812,0.37984131276607513,0.15561805665493011,0.7459539026021957,0.3771035820245743,0.6956804245710373,0.5,0.22264059633016586,0.19524379819631577,0.32252880930900574,0.891331747174263,0.8203568533062935,0.3080473691225052,0.3207022249698639,0.12852606549859047,0.8876294754445553,0.266980305314064,0.38338780403137207,0.20169943571090698,0.8821401670575142
tennessee,0.9633804550394416,0.9539769776165485,0.6769549250602722,0.9654282834380865,0.9473942220211029,0.9829700868576765,0.7517750859260559,0.7984234616160393,0.2462361678481102,0.35250450670719147,0.9707263819873333,0.9708131784573197,0.6480634361505508,0.7109843194484711,0.695869654417038,0.6699596643447876,0.552711233496666,0.5529206842184067,0.8871566504240036,0.8842137455940247,0.6476660817861557,0.5912401974201202,0.9639486605301499,0.5845761448144913,0.9578648135066032,0.89965845271945,0.6553750783205032,0.529724970459938,0.4668164551258087,0.9409203752875328,0.9589981194585562,0.5784310400485992,0.7723348960280418,0.7818851172924042,0.5282309651374817,0.7988081648945808,0.4356386065483093,0.9715791866183281,0.9774550721049309,0.3023834675550461,0.3220487982034683,0.668226346373558,0.6763945966959,0.6940266042947769,0.8150253370404243,0.5569920539855957,0.6119273900985718,0.8642990253865719,0.9327799417078495,0.6002345830202103,0.5331105142831802,0.9597046505659819,0.6332157850265503,0.9313509315252304,0.7773594036698341,0.5,0.4356953799724579,0.6525028347969055,0.9725804384797812,0.9605337223038077,0.6341176778078079,0.6614479720592499,0.38712820410728455,0.9694976517930627,0.611056312918663,0.7440075650811195,0.4399239718914032,0.9523391705006361
illinois,0.9746847879141569,0.9554450958967209,0.7837361544370651,0.9755989322438836,0.9576115552335978,0.9806281551718712,0.821662187576294,0.842388778924942,0.30640050768852234,0.4554055631160736,0.979489435441792,0.9676607698202133,0.742066778242588,0.7963311448693275,0.7735659703612328,0.7799469381570816,0.6553147435188293,0.6661607474088669,0.8766021654009819,0.8862102851271629,0.7140080481767654,0.6861734837293625,0.9731139484792948,0.6508181691169739,0.9675012100487947,0.925189919769764,0.6774037778377533,0.5580091625452042,0.5744646489620209,0.9574844613671303,0.9657949432730675,0.7170580923557281,0.8429932296276093,0.8788928799331188,0.6047121286392212,0.843593180179596,0.5761173665523529,0.97382434271276,0.977047573775053,0.3751073479652405,0.4292091876268387,0.7764424309134483,0.7391648590564728,0.7523485422134399,0.8514772951602936,0.6319311857223511,0.688615471124649,0.9087538160383701,0.9246277771890163,0.6726460307836533,0.6488755196332932,0.9674195889383554,0.7606449499726295,0.9498604442924261,0.8047562018036842,0.5643046200275421,0.5,0.6865845620632172,0.9747425420209765,0.9672887241467834,0.5994376689195633,0.8022113218903542,0.5448858290910721,0.9784053759649396,0.7320133298635483,0.7355108112096786,0.6348742693662643,0.9684975706040859
virginia,0.9474973417818546,0.9590663947165012,0.637468084692955,0.981137421913445,0.8410818055272102,0.969166461378336,0.7113141566514969,0.6542405933141708,0.10374018549919128,0.27993419766426086,0.9605061206966639,0.9576316047459841,0.5813798308372498,0.6596137881278992,0.6437904983758926,0.5798611640930176,0.5366716980934143,0.5179654359817505,0.7513330727815628,0.7319985032081604,0.5526969730854034,0.5167054533958435,0.8969495259225368,0.46661897003650665,0.9046095572412014,0.6585563272237778,0.5954045951366425,0.44071754813194275,0.33247026801109314,0.817658320069313,0.9068904407322407,0.5857121795415878,0.6129833608865738,0.7579806745052338,0.4545900970697403,0.782775491476059,0.38057011365890503,0.939912686124444,0.9329296927899122,0.20361124724149704,0.2945043742656708,0.6501379311084747,0.580414816737175,0.6208561062812805,0.6441256999969482,0.4688042402267456,0.5010840147733688,0.7765396907925606,0.7412940263748169,0.5426875054836273,0.3551798462867737,0.8975981920957565,0.5761437267065048,0.8301192969083786,0.6774711906909943,0.3474971652030945,0.31341543793678284,0.5,0.9284424874931574,0.9021455571055412,0.4835074096918106,0.6852836161851883,0.24031496047973633,0.9257549047470093,0.5032944977283478,0.5772092789411545,0.3345133066177368,0.9423400089144707
pennsylvania,0.5486565679311752,0.48853155970573425,0.12005742639303207,0.7593565434217453,0.3458269089460373,0.7272690087556839,0.16801553219556808,0.16217588633298874,0.021374855190515518,0.02537242043763399,0.5238811373710632,0.5561459511518478,0.04278257489204407,0.1231645792722702,0.06579557061195374,0.08201389014720917,0.05760916322469711,0.04557658173143864,0.2620738744735718,0.18382790684700012,0.0439396221190691,0.034805748611688614,0.46951596438884735,0.05226494278758764,0.42575402557849884,0.17658783495426178,0.08151420950889587,0.03020436316728592,0.02836385928094387,0.3474498689174652,0.39782164990901947,0.06624776497483253,0.11904510110616684,0.11059898883104324,0.03253205865621567,0.13750556111335754,0.031990135088562965,0.47881215810775757,0.5792089253664017,0.024236728437244892,0.022487550042569637,0.1243523582816124,0.07072723284363747,0.08852801844477654,0.17490983754396439,0.035553465597331524,0.05237169750034809,0.17280321568250656,0.28515318036079407,0.046540431678295135,0.034018849954009056,0.40628647804260254,0.06342411413788795,0.32840704917907715,0.108668252825737,0.02741956152021885,0.025257457979023457,0.07155751250684261,0.5,0.4592125415802002,0.037419483065605164,0.050779201090335846,0.015531749464571476,0.5071118772029877,0.04524298943579197,0.10585406795144081,0.023852295242249966,0.48542238771915436
wright-state,0.5816049575805664,0.5037456452846527,0.09663708880543709,0.8318448290228844,0.38982510566711426,0.7751847803592682,0.15802451968193054,0.22120000422000885,0.018098019994795322,0.024813110008835793,0.6207488626241684,0.6630411297082901,0.0803740806877613,0.1414334997534752,0.12034757807850838,0.1231769472360611,0.047356633469462395,0.04952452331781387,0.32193367183208466,0.26826728880405426,0.056816767901182175,0.06611463986337185,0.5530696958303452,0.056442221626639366,0.4850640296936035,0.2211778536438942,0.07576685771346092,0.03232419304549694,0.03574327100068331,0.3737408220767975,0.4331575334072113,0.04819721542298794,0.17038285732269287,0.15886914730072021,0.04167758300900459,0.13686926662921906,0.0331332553178072,0.6069836318492889,0.5901261270046234,0.02410028036683798,0.03155652154237032,0.10831857472658157,0.050365688279271126,0.08828616887331009,0.2388378381729126,0.05759979225695133,0.06461130268871784,0.23524364829063416,0.32854965329170227,0.07290355674922466,0.06645399332046509,0.41790609061717987,0.0676460713148117,0.36134736239910126,0.1796431466937065,0.039466277696192265,0.03271127585321665,0.09785444289445877,0.5407874584197998,0.5,0.044406505301594734,0.062481559813022614,0.030319856479763985,0.5548297464847565,0.054744185879826546,0.12647446617484093,0.03205240610986948,0.5605106204748154
saint-marys-ca,0.9748469237238169,0.9665008150041103,0.6373087018728256,0.9727989118546247,0.8934674374759197,0.9787312969565392,0.748293362557888,0.705974280834198,0.21384385228157043,0.3030571937561035,0.9721340537071228,0.9692348968237638,0.6077127754688263,0.677680492401123,0.6305530220270157,0.6009503901004791,0.5017767548561096,0.5497820228338242,0.7648174986243248,0.7574940323829651,0.4522496312856674,0.5563082844018936,0.9426603000611067,0.5428043752908707,0.9402879253029823,0.7917958870530128,0.5172280371189117,0.4320656806230545,0.34780260920524597,0.8359801024198532,0.9209103584289551,0.5954666286706924,0.6600416004657745,0.7777668014168739,0.4346439242362976,0.7771397903561592,0.44118909537792206,0.9571373369544744,0.9652520325034857,0.24273394793272018,0.31239570677280426,0.6674536913633347,0.5847628116607666,0.5593605041503906,0.6964950114488602,0.4985330402851105,0.5396115779876709,0.7534525468945503,0.8193124011158943,0.5564064383506775,0.4062942862510681,0.9070468507707119,0.6106728613376617,0.8974313139915466,0.6919526308774948,0.3658823221921921,0.4005623310804367,0.5164925903081894,0.9625805169343948,0.9555934946984053,0.5,0.5196079611778259,0.34670406579971313,0.9598829336464405,0.4168248325586319,0.6214585900306702,0.39758308231830597,0.971411463804543
texas-am,0.92971714399755,0.9276969097554684,0.510713055729866,0.9442050848156214,0.9093323163688183,0.9681835072115064,0.5691737830638885,0.5252747088670731,0.07251941412687302,0.17493176460266113,0.9364755358546972,0.9503966048359871,0.44520966708660126,0.5749658644199371,0.5096662044525146,0.5456664562225342,0.4027700275182724,0.40534070134162903,0.8169310614466667,0.8088046386837959,0.48863640427589417,0.37855300307273865,0.9225741475820541,0.4156220257282257,0.9211902767419815,0.7888398766517639,0.4024387001991272,0.31098391115665436,0.3289167881011963,0.9067687690258026,0.8830928802490234,0.40905626118183136,0.5069689154624939,0.6049650460481644,0.3231896758079529,0.563987523317337,0.2653767317533493,0.9349648654460907,0.9596640327945352,0.16410092264413834,0.1692730337381363,0.49568089842796326,0.5162170678377151,0.44755589962005615,0.630516991019249,0.3711896687746048,0.3558034598827362,0.8314553052186966,0.8777493983507156,0.4463421404361725,0.3313111662864685,0.8920147381722927,0.4535200297832489,0.894000694155693,0.6792977750301361,0.3385520279407501,0.19778867810964584,0.3147163838148117,0.9492207989096642,0.9375184401869774,0.4803920388221741,0.5,0.1910799965262413,0.950325595214963,0.46261531114578247,0.5691367536783218,0.2709655314683914,0.9550202451646328
houston,0.9804121712222695,0.9705081367865205,0.81028763204813,0.9760338924825191,0.9727172488346696,0.987691339571029,0.8478343114256859,0.8967767581343651,0.33127856254577637,0.46916282176971436,0.9732652623206377,0.9771541571244597,0.7374375611543655,0.8318671360611916,0.8436861783266068,0.7692955210804939,0.7022493481636047,0.5919250100851059,0.9440113883465528,0.9353322982788086,0.7457652240991592,0.6040622144937515,0.975401571020484,0.6764303892850876,0.9727729614824057,0.9232343435287476,0.7693252712488174,0.5468028783798218,0.5636920183897018,0.9651228599250317,0.9714689757674932,0.7133008241653442,0.869724802672863,0.9498662482947111,0.6031051576137543,0.8594210147857666,0.5358392745256424,0.9796489961445332,0.9836466554552317,0.4039998948574066,0.42243482172489166,0.8077846542000771,0.7550271078944206,0.8053103387355804,0.9046244993805885,0.6660173237323761,0.6075213402509689,0.9310830123722553,0.9545978978276253,0.7001366317272186,0.5921739935874939,0.9753037607297301,0.7682479694485664,0.9606826538220048,0.8714739345014095,0.6128717958927155,0.4551141709089279,0.7596850395202637,0.9844682505354285,0.969680143520236,0.6532959342002869,0.8089200034737587,0.5,0.9826289266347885,0.7372975945472717,0.8106368407607079,0.48030970990657806,0.9758506091311574
idaho,0.5449711978435516,0.4987761378288269,0.11018428951501846,0.7660507336258888,0.3544219732284546,0.743325725197792,0.12137055024504662,0.16948643326759338,0.02435272838920355,0.021525269374251366,0.5354353934526443,0.6002369225025177,0.06574121862649918,0.11477227881550789,0.06135839223861694,0.0932142473757267,0.0353012066334486,0.030696164816617966,0.2581169083714485,0.19593577831983566,0.03928585350513458,0.04087208956480026,0.47592437267303467,0.03723543230444193,0.40611009299755096,0.188119038939476,0.0808859933167696,0.034455341286957264,0.02831798791885376,0.33924369513988495,0.4472559690475464,0.04566788114607334,0.1593148112297058,0.08322049304842949,0.03851720504462719,0.15396997332572937,0.027118691243231297,0.5256965309381485,0.5273080319166183,0.02068318333476782,0.01581485103815794,0.08550609648227692,0.06549785286188126,0.12470734864473343,0.17741845548152924,0.03525499813258648,0.05364133417606354,0.23652364313602448,0.27177804708480835,0.05731167271733284,0.04132636450231075,0.44782693684101105,0.04579581320285797,0.3044832944869995,0.11237052455544472,0.030502348206937313,0.021594624035060406,0.07424509525299072,0.49288812279701233,0.44517025351524353,0.040117066353559494,0.04967440478503704,0.017371073365211487,0.5,0.04343491978943348,0.08672209829092026,0.031042135320603848,0.4656568020582199
kentucky,0.9449448268860579,0.939520725980401,0.5386943519115448,0.9737515095621347,0.9391828551888466,0.9835123009979725,0.6403485834598541,0.6550686657428741,0.11716397106647491,0.19122128933668137,0.9640007168054581,0.9536100756376982,0.5885592699050903,0.6419177204370499,0.5863045901060104,0.608911857008934,0.4144754409790039,0.42594245076179504,0.8368275463581085,0.826667495071888,0.5657640397548676,0.4114409387111664,0.9359174128621817,0.44585801661014557,0.9496853724122047,0.809653751552105,0.497692808508873,0.3983588069677353,0.4566006511449814,0.8992021419107914,0.9223317354917526,0.4942006915807724,0.6353398114442825,0.7115231603384018,0.4000238925218582,0.6469948589801788,0.30833087861537933,0.9564471654593945,0.9722268423065543,0.17477134615182877,0.20572727918624878,0.5864585340023041,0.5060963779687881,0.5267832577228546,0.7716364786028862,0.3987577110528946,0.4636230021715164,0.8204038739204407,0.8561481311917305,0.5134276449680328,0.40350933372974396,0.9112114794552326,0.5598068386316299,0.8557898104190826,0.733019694685936,0.388943687081337,0.2679866701364517,0.4967055022716522,0.954757010564208,0.9452558141201735,0.5831751674413681,0.5373846888542175,0.26270240545272827,0.9565650802105665,0.5,0.6178423464298248,0.30390217900276184,0.9345234055072069
santa-clara,0.927033131942153,0.9218716844916344,0.582422137260437,0.971634236164391,0.8023302629590034,0.970088817179203,0.5943774431943893,0.5792178809642792,0.09964428842067719,0.2116350159049034,0.9442963600158691,0.9448851514607668,0.4757969379425049,0.5931133478879929,0.4284893572330475,0.4945708066225052,0.39832803606987,0.4089764207601547,0.6145830899477005,0.684172511100769,0.4127092957496643,0.4100126028060913,0.831339605152607,0.4376525580883026,0.8406343907117844,0.5597398281097412,0.3829375356435776,0.31248633563518524,0.28460587561130524,0.7556464076042175,0.8170077353715897,0.4457215517759323,0.4859737902879715,0.5558214634656906,0.34213191270828247,0.6372849643230438,0.2711559534072876,0.8739535808563232,0.9309696387499571,0.15567371994256973,0.19168127328157425,0.5268202871084213,0.4164545387029648,0.5073574781417847,0.5296673476696014,0.42712487280368805,0.39332062005996704,0.5791918784379959,0.7069565504789352,0.4159501791000366,0.22852785885334015,0.7937000244855881,0.4865010231733322,0.6936144232749939,0.6166121959686279,0.25599243491888046,0.26448918879032135,0.4227907210588455,0.8941459320485592,0.8735255338251591,0.37854140996932983,0.43086324632167816,0.18936315923929214,0.9132779017090797,0.38215765357017517,0.5,0.28863753378391266,0.9230087846517563
iowa-state,0.97651650570333,0.9741801144555211,0.6735333502292633,0.976025172509253,0.9610779471695423,0.9840213097631931,0.7963325828313828,0.8205689489841461,0.31309419870376587,0.4018036872148514,0.9765604455024004,0.974769257940352,0.7025579363107681,0.7949890941381454,0.7213656157255173,0.7512439638376236,0.6066728681325912,0.5569964498281479,0.8742084242403507,0.8957047909498215,0.6575365215539932,0.6089241355657578,0.9680636608973145,0.5741329789161682,0.961764620617032,0.8965636789798737,0.7027479559183121,0.48146267235279083,0.5475855767726898,0.9559061918407679,0.9621587470173836,0.6849435418844223,0.8057217821478844,0.8647298663854599,0.5852366238832474,0.8456809297204018,0.40712469816207886,0.9635815676301718,0.9796110019087791,0.374521404504776,0.3943355828523636,0.7477618753910065,0.6940639019012451,0.7401676326990128,0.7910971641540527,0.5428493469953537,0.585523784160614,0.8528322502970695,0.9244071766734123,0.7016789764165878,0.5690879374742508,0.9459673315286636,0.7162018418312073,0.9433008469641209,0.798300564289093,0.5600760281085968,0.36512573063373566,0.6654866933822632,0.97614770475775,0.9679475938901305,0.602416917681694,0.7290344685316086,0.5196902900934219,0.9689578646793962,0.6960978209972382,0.7113624662160873,0.5,0.9748702654615045
tennessee-state,0.5576019585132599,0.5274451971054077,0.07436547428369522,0.8026929572224617,0.34001418948173523,0.7234334349632263,0.1106204055249691,0.15214933454990387,0.01882210001349449,0.030859322287142277,0.5872652232646942,0.6399477273225784,0.05274282395839691,0.0852784626185894,0.0888994112610817,0.07612986490130424,0.04716678336262703,0.05847915634512901,0.26898249983787537,0.21403862535953522,0.06497286073863506,0.0656327772885561,0.5061409771442413,0.036385783925652504,0.45065754652023315,0.21083854138851166,0.0995030477643013,0.03658121079206467,0.0271026361733675,0.37078121304512024,0.3392689675092697,0.0564214326441288,0.1271067075431347,0.1214396134018898,0.03710734285414219,0.14480584114789963,0.03172681853175163,0.5491116940975189,0.503214880824089,0.027887153439223766,0.03024216741323471,0.03875212371349335,0.07704726234078407,0.08714847266674042,0.20475412160158157,0.05046062171459198,0.060377784073352814,0.2390998750925064,0.3211318850517273,0.04612397216260433,0.05640318989753723,0.38974736630916595,0.04898406006395817,0.3648339956998825,0.11785983294248581,0.0476608294993639,0.03150242939591408,0.05765999108552933,0.5145776122808456,0.43948937952518463,0.02858853619545698,0.0449797548353672,0.024149390868842602,0.5343431979417801,0.06547659449279308,0.07699121534824371,0.02512973453849554,0.5
